{
  "schema": "dual_placement_state_v1",
  "source": "generated",
  "seed": 13103,
  "template": "diagonal",
  "obj1_position": [
    4.175901,
    -2.841503,
    0.049861
  ],
  "obj2_position": [
    5.169561,
    -4.762777,
    0.279372
  ],
  "separation": 2.16302,
  "height_offset": 0.229511,
  "side": 1,
  "camera_azimuth": 3.6188960975
}
