{
  "schema": "dual_placement_state_v1",
  "source": "generated",
  "seed": 12707,
  "template": "foreground_background",
  "obj1_position": [
    -2.770993,
    2.628667,
    0.049861
  ],
  "obj2_position": [
    -1.307055,
    4.221006,
    0.402176
  ],
  "separation": 2.16302,
  "height_offset": 0.352315,
  "side": -1,
  "camera_azimuth": 2.3981817921
}
