{
  "schema": "dual_placement_state_v1",
  "source": "generated",
  "seed": 12305,
  "template": "foreground_background",
  "obj1_position": [
    -2.892828,
    -4.984173,
    -0.106221
  ],
  "obj2_position": [
    -1.793206,
    -3.121517,
    0.186766
  ],
  "separation": 2.16302,
  "height_offset": 0.292987,
  "side": -1,
  "camera_azimuth": 2.6082978436
}
