{
  "schema": "dual_placement_state_v1",
  "source": "generated",
  "seed": 13109,
  "template": "foreground_background",
  "obj1_position": [
    2.479131,
    15.847265,
    0.049861
  ],
  "obj2_position": [
    1.459086,
    17.754663,
    0.222727
  ],
  "separation": 2.163021,
  "height_offset": 0.172866,
  "side": -1,
  "camera_azimuth": 3.6326784316
}
